-- MySQL dump 10.13  Distrib 5.7.22, for Linux (x86_64)
--
-- Host: localhost    Database: cvp
-- ------------------------------------------------------
-- Server version	8.0.14

/*!40101 SET @OLD_CHARACTER_SET_CLIENT=@@CHARACTER_SET_CLIENT */;
/*!40101 SET @OLD_CHARACTER_SET_RESULTS=@@CHARACTER_SET_RESULTS */;
/*!40101 SET @OLD_COLLATION_CONNECTION=@@COLLATION_CONNECTION */;
/*!40101 SET NAMES utf8 */;
/*!40103 SET @OLD_TIME_ZONE=@@TIME_ZONE */;
/*!40103 SET TIME_ZONE='+00:00' */;
/*!40014 SET @OLD_UNIQUE_CHECKS=@@UNIQUE_CHECKS, UNIQUE_CHECKS=0 */;
/*!40014 SET @OLD_FOREIGN_KEY_CHECKS=@@FOREIGN_KEY_CHECKS, FOREIGN_KEY_CHECKS=0 */;
/*!40101 SET @OLD_SQL_MODE=@@SQL_MODE, SQL_MODE='NO_AUTO_VALUE_ON_ZERO' */;
/*!40111 SET @OLD_SQL_NOTES=@@SQL_NOTES, SQL_NOTES=0 */;

--
-- Table structure for table `evento`
--

DROP TABLE IF EXISTS `evento`;
/*!40101 SET @saved_cs_client     = @@character_set_client */;
/*!40101 SET character_set_client = utf8 */;
CREATE TABLE `evento` (
  `ide` int(11) NOT NULL AUTO_INCREMENT,
  `designacao` text NOT NULL,
  `local` varchar(500) NOT NULL,
  `coordenadas` text,
  `categoria` text NOT NULL,
  `dataevento` date NOT NULL,
  `ativo` tinyint(1) NOT NULL DEFAULT '1',
  PRIMARY KEY (`ide`)
) ENGINE=InnoDB AUTO_INCREMENT=6 DEFAULT CHARSET=utf8;
/*!40101 SET character_set_client = @saved_cs_client */;

--
-- Dumping data for table `evento`
--

LOCK TABLES `evento` WRITE;
/*!40000 ALTER TABLE `evento` DISABLE KEYS */;
INSERT INTO `evento` VALUES (1,'wing bake radio','Santa Maria da Feira','-8, 45.8','resistência','0000-00-00',1),(2,'log storage elevator','Maia','-8, 45.8','obstáculos','0000-00-00',1),(3,'buy extension people','Almada','-8, 45.8','marcha','0000-00-00',1),(4,'awareness player unique','Porto','-8, 45.8','duatlo','0000-00-00',1),(5,'pain spiritual clothes','Seixal','-8, 45.8','obstáculos','0000-00-00',1);
/*!40000 ALTER TABLE `evento` ENABLE KEYS */;
UNLOCK TABLES;

--
-- Table structure for table `inscricoes`
--

DROP TABLE IF EXISTS `inscricoes`;
/*!40101 SET @saved_cs_client     = @@character_set_client */;
/*!40101 SET character_set_client = utf8 */;
CREATE TABLE `inscricoes` (
  `idutilizador` int(11) NOT NULL,
  `idprova` int(11) NOT NULL,
  `datainsc` date NOT NULL,
  `datalimite` date NOT NULL,
  PRIMARY KEY (`idutilizador`,`idprova`)
) ENGINE=InnoDB DEFAULT CHARSET=utf8;
/*!40101 SET character_set_client = @saved_cs_client */;

--
-- Dumping data for table `inscricoes`
--

LOCK TABLES `inscricoes` WRITE;
/*!40000 ALTER TABLE `inscricoes` DISABLE KEYS */;
INSERT INTO `inscricoes` VALUES (2,0,'2019-01-31','2019-01-31'),(2,2,'2019-01-31','2019-01-31'),(213,0,'2019-01-31','2019-01-31'),(213,1,'2019-01-31','2019-01-31'),(213,2,'2019-01-31','2019-01-31');
/*!40000 ALTER TABLE `inscricoes` ENABLE KEYS */;
UNLOCK TABLES;

--
-- Table structure for table `prova`
--

DROP TABLE IF EXISTS `prova`;
/*!40101 SET @saved_cs_client     = @@character_set_client */;
/*!40101 SET character_set_client = utf8 */;
CREATE TABLE `prova` (
  `idp` int(11) NOT NULL AUTO_INCREMENT,
  `designacao` text NOT NULL,
  `hora` time NOT NULL,
  `idevento` int(11) NOT NULL,
  PRIMARY KEY (`idp`)
) ENGINE=InnoDB AUTO_INCREMENT=3 DEFAULT CHARSET=utf8;
/*!40101 SET character_set_client = @saved_cs_client */;

--
-- Dumping data for table `prova`
--

LOCK TABLES `prova` WRITE;
/*!40000 ALTER TABLE `prova` DISABLE KEYS */;
INSERT INTO `prova` VALUES (0,'Prova 2','13:00:00',2),(1,'Teste de Prova','12:00:00',1),(2,'Prova 3','14:00:00',3);
/*!40000 ALTER TABLE `prova` ENABLE KEYS */;
UNLOCK TABLES;

--
-- Table structure for table `utilizador`
--

DROP TABLE IF EXISTS `utilizador`;
/*!40101 SET @saved_cs_client     = @@character_set_client */;
/*!40101 SET character_set_client = utf8 */;
CREATE TABLE `utilizador` (
  `idu` int(11) NOT NULL AUTO_INCREMENT,
  `nome` text NOT NULL,
  `nif` text,
  `cc` text,
  `datan` date DEFAULT NULL,
  `email` text NOT NULL,
  `telef` text,
  `morada` varchar(500) DEFAULT NULL,
  `nacionalidade` text,
  `genero` text,
  `ativo` tinyint(1) NOT NULL DEFAULT '0',
  `senha` varchar(100) DEFAULT NULL,
  `federado` tinyint(1) DEFAULT '0',
  `tempos` text,
  `tamanho` text,
  PRIMARY KEY (`idu`)
) ENGINE=InnoDB AUTO_INCREMENT=214 DEFAULT CHARSET=utf8;
/*!40101 SET character_set_client = @saved_cs_client */;

--
-- Dumping data for table `utilizador`
--

LOCK TABLES `utilizador` WRITE;
/*!40000 ALTER TABLE `utilizador` DISABLE KEYS */;
INSERT INTO `utilizador` VALUES (1,'Gail Rudd','233481532','16993655','0000-00-00','andre@andre.pt','75107326466','','','',0,'7110eda4d09e062aa5e4a390b0a572ac0d2c0220',0,NULL,''),(2,'André Garcia','209327340','19818639','1986-02-05','andre@andre.com','211310102500','','','',0,'7110eda4d09e062aa5e4a390b0a572ac0d2c0220',0,NULL,''),(3,'Ernestine Hubbard','211621091','14532327','0000-00-00','ajhlefe@hotmail.com','202778871824','','','',0,'K3Q5NG',0,NULL,''),(4,'Albert Carter','206139390','10584130','0000-00-00','liedggj@gmail.com','96029712660','','','',0,'TB867S',0,NULL,''),(5,'Chad Johnson','262673583','19815184','0000-00-00','bifbbde@gmail.com','254341095560','','','',0,'I3HQLR',0,NULL,''),(6,'Gregorio Donati','280492473','10825196','0000-00-00','eladbdb@hotmail.com','278606851202','','','',0,'EB22JN',0,NULL,''),(7,'William Neumeyer','204998123','11721566','0000-00-00','lbdkicb@mail.kz','64021474675','','','',0,'O728DL',0,NULL,''),(8,'Ronald Grooms','287363725','19486669','0000-00-00','ihlldab@hotmail.com','39830205504','','','',0,'2AQRTP',0,NULL,''),(9,'Lori White','297838765','11771090','0000-00-00','ljdikcd@yahoo.com','314500412825','','','',0,'E7YRWK',0,NULL,''),(10,'Monte Cohen','232655307','10791376','0000-00-00','ifdlhgc@mail.com','168166804151','','','',0,'P18035',0,NULL,''),(11,'Joan Dixon','243791679','10772447','0000-00-00','gldkicg@yahoo.com','229539406365','','','',0,'9BHMGH',0,NULL,''),(12,'Diana Hill','260584863','11497977','0000-00-00','hldgffb@hotmail.com','123478059229','','','',0,'8NWBG3',0,NULL,''),(13,'Linda Curd','254890138','10984176','0000-00-00','baefcjg@gmail.com','36585992870','','','',0,'S9F6ZM',0,NULL,''),(14,'John Arruda','228693238','14427344','0000-00-00','eglgfci@mail.com','294440823613','','','',0,'1I66R0',0,NULL,''),(15,'Samara Muniz','268545774','14055139','0000-00-00','ckfligi@aol.com','248049052744','','','',0,'OWLXNY',0,NULL,''),(16,'Amanda Steele','262853919','16127629','0000-00-00','kfjbage@mail.kz','183996269633','','','',0,'X40FA5',0,NULL,''),(17,'Mary Wortham','258842171','11740104','0000-00-00','lfjaiab@hotmail.com','250409896530','','','',0,'OQB7SW',0,NULL,''),(18,'Beatrice Jones','229076815','16951339','0000-00-00','fhgccaj@yahoo.com','314160958136','','','',0,'KXNI08',0,NULL,''),(19,'Joseph Joslyn','254882548','16876911','0000-00-00','lddibie@gmail.com','86631420944','','','',0,'687XUL',0,NULL,''),(20,'Robert Jones','222939830','14614970','0000-00-00','iaeejlj@hotmail.com','292960141107','','','',0,'1Z2YUZ',0,NULL,''),(21,'Jackie Fossum','211239284','10466093','0000-00-00','ihjlicl@mail.kz','166352242713','','','',0,'FA5ZIO',0,NULL,''),(22,'Dona Vidrine','221826431','12245964','0000-00-00','cajdjaa@mail.com','65456059755','','','',0,'1XUDZE',0,NULL,''),(23,'Starr Blanton','248408317','16399392','0000-00-00','gdckilk@aol.com','138634620811','','','',0,'0SGI6C',0,NULL,''),(24,'Myrtie Winsor','241697916','16656831','0000-00-00','ejldhif@gmail.com','82986028112','','','',0,'137QEW',0,NULL,''),(25,'Anna Foreman','254371931','12961122','0000-00-00','fiflikc@yahoo.com','230666874525','','','',0,'P329PF',0,NULL,''),(26,'Stormy Alvarez','260018394','10199131','0000-00-00','hjcbglf@mail.kz','296066539355','','','',0,'UOKGAU',0,NULL,''),(27,'Shantel Guerrero','213070305','11311503','0000-00-00','ablbdlf@mail.kz','287547905127','','','',0,'R7J39P',0,NULL,''),(28,'Walter Simmons','225344230','18949614','0000-00-00','cccflkl@yahoo.com','168744647869','','','',0,'5QLOH7',0,NULL,''),(29,'Bruce Nobles','242152483','12407369','0000-00-00','efjgkci@hotmail.com','46560320329','','','',0,'GGOG05',0,NULL,''),(30,'Melvin Warrick','236364659','11127154','0000-00-00','jehccid@mail.com','182734084439','','','',0,'K9HSQ3',0,NULL,''),(31,'Cora Miller','284168627','16193686','0000-00-00','ahgjhjg@gmail.com','147916205207','','','',0,'50IVRK',0,NULL,''),(32,'Geraldine Steele','250256214','13571082','0000-00-00','elgchag@mail.com','35425793223','','','',0,'WA2CXJ',0,NULL,''),(33,'Gregory Aubuchon','258103317','16146741','0000-00-00','igejkaa@gmail.com','214932207427','','','',0,'XKIDW8',0,NULL,''),(34,'Mark Vazquez','247083583','17824863','0000-00-00','gcgaiie@mail.com','314801010511','','','',0,'UFA4KJ',0,NULL,''),(35,'Sheila Hutcherson','254606213','15306755','0000-00-00','bgifhci@yahoo.com','144488915738','','','',0,'M89QEG',0,NULL,''),(36,'Richard Ortmann','251113060','10078384','0000-00-00','fgbjfkg@mail.kz','312496217483','','','',0,'3U5U8Z',0,NULL,''),(37,'Gary Cowan','227648108','18453651','0000-00-00','ebfggci@mail.kz','323065697810','','','',0,'FKPD3Q',0,NULL,''),(38,'Brooks Steele','276279607','15270933','0000-00-00','fbejbhe@mail.kz','203077807207','','','',0,'4CGXS0',0,NULL,''),(39,'Jay Shuler','226581857','15310833','0000-00-00','kjlekca@aol.com','296866979105','','','',0,'8PLTA1',0,NULL,''),(40,'Laura Hagler','219792115','19776757','0000-00-00','lblieja@mail.kz','168134643317','','','',0,'6MZPEJ',0,NULL,''),(41,'Dale Enriquez','269561008','12930944','0000-00-00','fbikjkd@mail.kz','288569846554','','','',0,'NCON0Y',0,NULL,''),(42,'Angie Williams','243327694','15791659','0000-00-00','ldkildf@aol.com','105793892506','','','',0,'GJWZDQ',0,NULL,''),(43,'Roy Penland','286283219','10731103','0000-00-00','kkkjbjd@hotmail.com','167026844825','','','',0,'E92YWY',0,NULL,''),(44,'Stephen Cleveland','233256614','13739713','0000-00-00','bkbhdff@gmail.com','237290593427','','','',0,'UVZIEG',0,NULL,''),(45,'Charlene Robinson','293358182','10848790','0000-00-00','fjjifgj@yahoo.com','48370947722','','','',0,'2NGJS9',0,NULL,''),(46,'Randy Stokes','282825232','19621581','0000-00-00','hcjhdfi@yahoo.com','168868381663','','','',0,'64MAFM',0,NULL,''),(47,'Dorothy Manning','255806925','19208329','0000-00-00','ijefegg@gmail.com','138755004926','','','',0,'E6M26H',0,NULL,''),(48,'Janet Rusk','254204379','16661667','0000-00-00','ibaikcc@gmail.com','173207287265','','','',0,'F1RUUA',0,NULL,''),(49,'Terrence Giuffrida','227029519','17115208','0000-00-00','cifickk@mail.kz','351325081478','','','',0,'7WY19C',0,NULL,''),(50,'Ericka Brooker','225067658','18610181','0000-00-00','jhifgfb@mail.kz','168476085502','','','',0,'VCM2QY',0,NULL,''),(51,'Kathleen Speakman','270991659','19069040','0000-00-00','kgajdca@gmail.com','88890471940','','','',0,'BXD3S2',0,NULL,''),(52,'June Berry','292998260','17525719','0000-00-00','eblbegj@hotmail.com','120049942154','','','',0,'LJEHDA',0,NULL,''),(53,'Mary Lopez','273754938','11100128','0000-00-00','kkijllk@gmail.com','197974450960','','','',0,'O0OFGM',0,NULL,''),(54,'Roger Taber','232911697','11490212','0000-00-00','hjfkhea@gmail.com','135089443677','','','',0,'20L2PR',0,NULL,''),(55,'Sarah Yeates','213026766','11339498','0000-00-00','fhgahag@aol.com','162434951176','','','',0,'SV256Q',0,NULL,''),(56,'James Vonsoosten','222522068','15998074','0000-00-00','eklekef@mail.kz','248423562222','','','',0,'05P0IK',0,NULL,''),(57,'Kathryn Baker','214217083','18676927','0000-00-00','bllhekh@mail.kz','323119680014','','','',0,'22OCOS',0,NULL,''),(58,'Alex Colon','272629202','10770617','0000-00-00','ggilafb@mail.kz','59904769258','','','',0,'Z6SFVY',0,NULL,''),(59,'Erin Senteno','257114973','16718589','0000-00-00','fiibdef@aol.com','292668796047','','','',0,'IW3JP8',0,NULL,''),(60,'Lance Hughes','277828563','14303480','0000-00-00','kckeahe@gmail.com','253499864156','','','',0,'UM1K8V',0,NULL,''),(61,'Gregory Gross','254886892','18791412','0000-00-00','hidjdcl@aol.com','177103421725','','','',0,'639TFQ',0,NULL,''),(62,'Nancy Anderson','255027774','13975139','0000-00-00','ieceabc@aol.com','313773480512','','','',0,'J7P94W',0,NULL,''),(63,'Susan Moffitt','241569218','16105780','0000-00-00','iiblbdd@mail.com','217312049106','','','',0,'EF0X9T',0,NULL,''),(64,'Erick Williams','290600488','18284421','0000-00-00','hfakjcf@hotmail.com','130930421490','','','',0,'WKGE1M',0,NULL,''),(65,'Carl Goodman','291736215','11289477','0000-00-00','jcbbfbh@mail.com','199574650802','','','',0,'U1YZNM',0,NULL,''),(66,'Brian Salvietti','284699234','15299569','0000-00-00','blhecfk@mail.com','245182973257','','','',0,'AES59N',0,NULL,''),(67,'Christine Mcdonald','244708419','16776411','0000-00-00','fbbcgdh@mail.kz','238164444903','','','',0,'ZK87M6',0,NULL,''),(68,'Manuel Beyer','205209819','18966448','0000-00-00','ddafihb@aol.com','193975132684','','','',0,'62BV59',0,NULL,''),(69,'James Ingersoll','206609216','11965164','0000-00-00','fibijfd@yahoo.com','64355230482','','','',0,'8D8TQM',0,NULL,''),(70,'Brittany Blanchette','298065924','17802286','0000-00-00','jcbkdld@hotmail.com','245728016087','','','',0,'ZQCA7S',0,NULL,''),(71,'Maria Davis','272798651','14236880','0000-00-00','feiigjl@aol.com','47876597805','','','',0,'TBNSHF',0,NULL,''),(72,'Frank Hanlon','237871869','19650457','0000-00-00','hglgakb@aol.com','99446799533','','','',0,'GIF9CV',0,NULL,''),(73,'Lucile Mcgowen','206985232','18475707','0000-00-00','bhjebfd@yahoo.com','90267602188','','','',0,'Z4XG1H',0,NULL,''),(74,'Maryann Wray','283441129','18672725','0000-00-00','ijeekhk@hotmail.com','118528822665','','','',0,'XBHAZD',0,NULL,''),(75,'Larry Linton','270325637','18368718','0000-00-00','hcchhgj@mail.kz','304661491044','','','',0,'PC7RKB',0,NULL,''),(76,'Roosevelt Grant','282598920','15591243','0000-00-00','ecebbjd@mail.com','42519014373','','','',0,'VMGCDV',0,NULL,''),(77,'Brenda Akers','214494763','15970894','0000-00-00','dfdhled@mail.com','185368912298','','','',0,'RIN1LF',0,NULL,''),(78,'Michael Wiggins','249389626','16867244','0000-00-00','ijhebca@yahoo.com','247490332133','','','',0,'D9XN7E',0,NULL,''),(79,'Glenn Swingle','231933995','13342249','0000-00-00','ihlched@mail.com','322744505285','','','',0,'RDZL2W',0,NULL,''),(80,'Enoch Gonzalez','244890289','15453391','0000-00-00','bkgjfaa@mail.kz','56862010957','','','',0,'C80NNO',0,NULL,''),(81,'Dorothy Dallis','230747288','17109761','0000-00-00','dgclcih@aol.com','185823401939','','','',0,'WPMTPM',0,NULL,''),(82,'Ruby Robinson','238467661','14612746','0000-00-00','fakebgl@mail.com','207279564369','','','',0,'ZZSGTI',0,NULL,''),(83,'Adam Reynalds','259453519','14279559','0000-00-00','jbhlaaj@hotmail.com','123611653077','','','',0,'HCM6KG',0,NULL,''),(84,'Terrie Burton','243326845','12431060','0000-00-00','klfiffk@mail.com','100084510823','','','',0,'53RFZ1',0,NULL,''),(85,'Anthony Foreman','272976862','15979387','0000-00-00','jikkdai@aol.com','45243894636','','','',0,'0EXR5A',0,NULL,''),(86,'Angela Howell','269670425','19635661','0000-00-00','fgdjaff@aol.com','317547799626','','','',0,'EFQM0J',0,NULL,''),(87,'Sharon Hernandez','278559727','15054989','0000-00-00','fhihjbc@yahoo.com','200394162291','','','',0,'7RQ2QG',0,NULL,''),(88,'Steven Pressley','261994166','15179380','0000-00-00','aadaaed@mail.kz','276709957216','','','',0,'BKIQ7O',0,NULL,''),(89,'Tommy Sugarman','270501366','16323298','0000-00-00','jfkijkl@yahoo.com','299200263330','','','',0,'DSFYFS',0,NULL,''),(90,'Joseph Brown','222128902','19842963','0000-00-00','jjielci@mail.com','236484700789','','','',0,'5MJFKK',0,NULL,''),(91,'Susan Jimenez','275885298','19762238','0000-00-00','ekidjif@mail.kz','349404282297','','','',0,'58UFTY',0,NULL,''),(92,'Grace Barron','234228511','19534078','0000-00-00','kfbhkgj@gmail.com','307940261273','','','',0,'SOJBGJ',0,NULL,''),(93,'Harold Rojo','237274799','14721685','0000-00-00','diabecb@mail.kz','335243250122','','','',0,'EW3IRR',0,NULL,''),(94,'William Gerwitz','224420488','18705915','0000-00-00','ecijhid@mail.kz','181671567530','','','',0,'IOA46S',0,NULL,''),(95,'Eva Lee','240691618','13378598','0000-00-00','fjdlkef@yahoo.com','198348295077','','','',0,'XBYBAK',0,NULL,''),(96,'Phyllis Tobin','251769910','12978185','0000-00-00','ejhldbh@hotmail.com','58251812312','','','',0,'HQ93P7',0,NULL,''),(97,'Joseph Jenkins','267872978','12770337','0000-00-00','dlcdccf@yahoo.com','72423307703','','','',0,'Z1WS8L',0,NULL,''),(98,'Ron Neang','273309392','18418516','0000-00-00','fiaihaf@mail.kz','211170756798','','','',0,'BXMXF4',0,NULL,''),(99,'Michael Gutierrez','242138685','13321005','0000-00-00','chfjalg@hotmail.com','77571946939','','','',0,'Z6KQ2I',0,NULL,''),(100,'Ada Reese','278455651','13111321','0000-00-00','fglcleg@yahoo.com','263136086072','','','',0,'Y2XD8U',0,NULL,''),(101,'Gail Rudd','233481532','16993655','0000-00-00','fkhiagi@mail.com','75107326466','','','',0,'5MLSA7',0,NULL,''),(103,'Ernestine Hubbard','211621091','14532327','0000-00-00','ajhlefe@hotmail.com','202778871824','','','',0,'K3Q5NG',0,NULL,''),(104,'Albert Carter','206139390','10584130','0000-00-00','liedggj@gmail.com','96029712660','','','',0,'TB867S',0,NULL,''),(105,'Chad Johnson','262673583','19815184','0000-00-00','bifbbde@gmail.com','254341095560','','','',0,'I3HQLR',0,NULL,''),(106,'Gregorio Donati','280492473','10825196','0000-00-00','eladbdb@hotmail.com','278606851202','','','',0,'EB22JN',0,NULL,''),(107,'William Neumeyer','204998123','11721566','0000-00-00','lbdkicb@mail.kz','64021474675','','','',0,'O728DL',0,NULL,''),(108,'Ronald Grooms','287363725','19486669','0000-00-00','ihlldab@hotmail.com','39830205504','','','',0,'2AQRTP',0,NULL,''),(109,'Lori White','297838765','11771090','0000-00-00','ljdikcd@yahoo.com','314500412825','','','',0,'E7YRWK',0,NULL,''),(110,'Monte Cohen','232655307','10791376','0000-00-00','ifdlhgc@mail.com','168166804151','','','',0,'P18035',0,NULL,''),(111,'Joan Dixon','243791679','10772447','0000-00-00','gldkicg@yahoo.com','229539406365','','','',0,'9BHMGH',0,NULL,''),(112,'Diana Hill','260584863','11497977','0000-00-00','hldgffb@hotmail.com','123478059229','','','',0,'8NWBG3',0,NULL,''),(113,'Linda Curd','254890138','10984176','0000-00-00','baefcjg@gmail.com','36585992870','','','',0,'S9F6ZM',0,NULL,''),(114,'John Arruda','228693238','14427344','0000-00-00','eglgfci@mail.com','294440823613','','','',0,'1I66R0',0,NULL,''),(115,'Samara Muniz','268545774','14055139','0000-00-00','ckfligi@aol.com','248049052744','','','',0,'OWLXNY',0,NULL,''),(116,'Amanda Steele','262853919','16127629','0000-00-00','kfjbage@mail.kz','183996269633','','','',0,'X40FA5',0,NULL,''),(117,'Mary Wortham','258842171','11740104','0000-00-00','lfjaiab@hotmail.com','250409896530','','','',0,'OQB7SW',0,NULL,''),(118,'Beatrice Jones','229076815','16951339','0000-00-00','fhgccaj@yahoo.com','314160958136','','','',0,'KXNI08',0,NULL,''),(119,'Joseph Joslyn','254882548','16876911','0000-00-00','lddibie@gmail.com','86631420944','','','',0,'687XUL',0,NULL,''),(120,'Robert Jones','222939830','14614970','0000-00-00','iaeejlj@hotmail.com','292960141107','','','',0,'1Z2YUZ',0,NULL,''),(121,'Jackie Fossum','211239284','10466093','0000-00-00','ihjlicl@mail.kz','166352242713','','','',0,'FA5ZIO',0,NULL,''),(122,'Dona Vidrine','221826431','12245964','0000-00-00','cajdjaa@mail.com','65456059755','','','',0,'1XUDZE',0,NULL,''),(123,'Starr Blanton','248408317','16399392','0000-00-00','gdckilk@aol.com','138634620811','','','',0,'0SGI6C',0,NULL,''),(124,'Myrtie Winsor','241697916','16656831','0000-00-00','ejldhif@gmail.com','82986028112','','','',0,'137QEW',0,NULL,''),(125,'Anna Foreman','254371931','12961122','0000-00-00','fiflikc@yahoo.com','230666874525','','','',0,'P329PF',0,NULL,''),(126,'Stormy Alvarez','260018394','10199131','0000-00-00','hjcbglf@mail.kz','296066539355','','','',0,'UOKGAU',0,NULL,''),(127,'Shantel Guerrero','213070305','11311503','0000-00-00','ablbdlf@mail.kz','287547905127','','','',0,'R7J39P',0,NULL,''),(128,'Walter Simmons','225344230','18949614','0000-00-00','cccflkl@yahoo.com','168744647869','','','',0,'5QLOH7',0,NULL,''),(129,'Bruce Nobles','242152483','12407369','0000-00-00','efjgkci@hotmail.com','46560320329','','','',0,'GGOG05',0,NULL,''),(130,'Melvin Warrick','236364659','11127154','0000-00-00','jehccid@mail.com','182734084439','','','',0,'K9HSQ3',0,NULL,''),(131,'Cora Miller','284168627','16193686','0000-00-00','ahgjhjg@gmail.com','147916205207','','','',0,'50IVRK',0,NULL,''),(132,'Geraldine Steele','250256214','13571082','0000-00-00','elgchag@mail.com','35425793223','','','',0,'WA2CXJ',0,NULL,''),(133,'Gregory Aubuchon','258103317','16146741','0000-00-00','igejkaa@gmail.com','214932207427','','','',0,'XKIDW8',0,NULL,''),(134,'Mark Vazquez','247083583','17824863','0000-00-00','gcgaiie@mail.com','314801010511','','','',0,'UFA4KJ',0,NULL,''),(135,'Sheila Hutcherson','254606213','15306755','0000-00-00','bgifhci@yahoo.com','144488915738','','','',0,'M89QEG',0,NULL,''),(136,'Richard Ortmann','251113060','10078384','0000-00-00','fgbjfkg@mail.kz','312496217483','','','',0,'3U5U8Z',0,NULL,''),(137,'Gary Cowan','227648108','18453651','0000-00-00','ebfggci@mail.kz','323065697810','','','',0,'FKPD3Q',0,NULL,''),(138,'Brooks Steele','276279607','15270933','0000-00-00','fbejbhe@mail.kz','203077807207','','','',0,'4CGXS0',0,NULL,''),(139,'Jay Shuler','226581857','15310833','0000-00-00','kjlekca@aol.com','296866979105','','','',0,'8PLTA1',0,NULL,''),(140,'Laura Hagler','219792115','19776757','0000-00-00','lblieja@mail.kz','168134643317','','','',0,'6MZPEJ',0,NULL,''),(141,'Dale Enriquez','269561008','12930944','0000-00-00','fbikjkd@mail.kz','288569846554','','','',0,'NCON0Y',0,NULL,''),(142,'Angie Williams','243327694','15791659','0000-00-00','ldkildf@aol.com','105793892506','','','',0,'GJWZDQ',0,NULL,''),(143,'Roy Penland','286283219','10731103','0000-00-00','kkkjbjd@hotmail.com','167026844825','','','',0,'E92YWY',0,NULL,''),(144,'Stephen Cleveland','233256614','13739713','0000-00-00','bkbhdff@gmail.com','237290593427','','','',0,'UVZIEG',0,NULL,''),(145,'Charlene Robinson','293358182','10848790','0000-00-00','fjjifgj@yahoo.com','48370947722','','','',0,'2NGJS9',0,NULL,''),(146,'Randy Stokes','282825232','19621581','0000-00-00','hcjhdfi@yahoo.com','168868381663','','','',0,'64MAFM',0,NULL,''),(147,'Dorothy Manning','255806925','19208329','0000-00-00','ijefegg@gmail.com','138755004926','','','',0,'E6M26H',0,NULL,''),(148,'Janet Rusk','254204379','16661667','0000-00-00','ibaikcc@gmail.com','173207287265','','','',0,'F1RUUA',0,NULL,''),(149,'Terrence Giuffrida','227029519','17115208','0000-00-00','cifickk@mail.kz','351325081478','','','',0,'7WY19C',0,NULL,''),(150,'Ericka Brooker','225067658','18610181','0000-00-00','jhifgfb@mail.kz','168476085502','','','',0,'VCM2QY',0,NULL,''),(151,'Kathleen Speakman','270991659','19069040','0000-00-00','kgajdca@gmail.com','88890471940','','','',0,'BXD3S2',0,NULL,''),(152,'June Berry','292998260','17525719','0000-00-00','eblbegj@hotmail.com','120049942154','','','',0,'LJEHDA',0,NULL,''),(153,'Mary Lopez','273754938','11100128','0000-00-00','kkijllk@gmail.com','197974450960','','','',0,'O0OFGM',0,NULL,''),(154,'Roger Taber','232911697','11490212','0000-00-00','hjfkhea@gmail.com','135089443677','','','',0,'20L2PR',0,NULL,''),(155,'Sarah Yeates','213026766','11339498','0000-00-00','fhgahag@aol.com','162434951176','','','',0,'SV256Q',0,NULL,''),(156,'James Vonsoosten','222522068','15998074','0000-00-00','eklekef@mail.kz','248423562222','','','',0,'05P0IK',0,NULL,''),(157,'Kathryn Baker','214217083','18676927','0000-00-00','bllhekh@mail.kz','323119680014','','','',0,'22OCOS',0,NULL,''),(158,'Alex Colon','272629202','10770617','0000-00-00','ggilafb@mail.kz','59904769258','','','',0,'Z6SFVY',0,NULL,''),(159,'Erin Senteno','257114973','16718589','0000-00-00','fiibdef@aol.com','292668796047','','','',0,'IW3JP8',0,NULL,''),(160,'Lance Hughes','277828563','14303480','0000-00-00','kckeahe@gmail.com','253499864156','','','',0,'UM1K8V',0,NULL,''),(161,'Gregory Gross','254886892','18791412','0000-00-00','hidjdcl@aol.com','177103421725','','','',0,'639TFQ',0,NULL,''),(162,'Nancy Anderson','255027774','13975139','0000-00-00','ieceabc@aol.com','313773480512','','','',0,'J7P94W',0,NULL,''),(163,'Susan Moffitt','241569218','16105780','0000-00-00','iiblbdd@mail.com','217312049106','','','',0,'EF0X9T',0,NULL,''),(164,'Erick Williams','290600488','18284421','0000-00-00','hfakjcf@hotmail.com','130930421490','','','',0,'WKGE1M',0,NULL,''),(165,'Carl Goodman','291736215','11289477','0000-00-00','jcbbfbh@mail.com','199574650802','','','',0,'U1YZNM',0,NULL,''),(166,'Brian Salvietti','284699234','15299569','0000-00-00','blhecfk@mail.com','245182973257','','','',0,'AES59N',0,NULL,''),(167,'Christine Mcdonald','244708419','16776411','0000-00-00','fbbcgdh@mail.kz','238164444903','','','',0,'ZK87M6',0,NULL,''),(168,'Manuel Beyer','205209819','18966448','0000-00-00','ddafihb@aol.com','193975132684','','','',0,'62BV59',0,NULL,''),(169,'James Ingersoll','206609216','11965164','0000-00-00','fibijfd@yahoo.com','64355230482','','','',0,'8D8TQM',0,NULL,''),(170,'Brittany Blanchette','298065924','17802286','0000-00-00','jcbkdld@hotmail.com','245728016087','','','',0,'ZQCA7S',0,NULL,''),(171,'Maria Davis','272798651','14236880','0000-00-00','feiigjl@aol.com','47876597805','','','',0,'TBNSHF',0,NULL,''),(172,'Frank Hanlon','237871869','19650457','0000-00-00','hglgakb@aol.com','99446799533','','','',0,'GIF9CV',0,NULL,''),(173,'Lucile Mcgowen','206985232','18475707','0000-00-00','bhjebfd@yahoo.com','90267602188','','','',0,'Z4XG1H',0,NULL,''),(174,'Maryann Wray','283441129','18672725','0000-00-00','ijeekhk@hotmail.com','118528822665','','','',0,'XBHAZD',0,NULL,''),(175,'Larry Linton','270325637','18368718','0000-00-00','hcchhgj@mail.kz','304661491044','','','',0,'PC7RKB',0,NULL,''),(176,'Roosevelt Grant','282598920','15591243','0000-00-00','ecebbjd@mail.com','42519014373','','','',0,'VMGCDV',0,NULL,''),(177,'Brenda Akers','214494763','15970894','0000-00-00','dfdhled@mail.com','185368912298','','','',0,'RIN1LF',0,NULL,''),(178,'Michael Wiggins','249389626','16867244','0000-00-00','ijhebca@yahoo.com','247490332133','','','',0,'D9XN7E',0,NULL,''),(179,'Glenn Swingle','231933995','13342249','0000-00-00','ihlched@mail.com','322744505285','','','',0,'RDZL2W',0,NULL,''),(180,'Enoch Gonzalez','244890289','15453391','0000-00-00','bkgjfaa@mail.kz','56862010957','','','',0,'C80NNO',0,NULL,''),(181,'Dorothy Dallis','230747288','17109761','0000-00-00','dgclcih@aol.com','185823401939','','','',0,'WPMTPM',0,NULL,''),(182,'Ruby Robinson','238467661','14612746','0000-00-00','fakebgl@mail.com','207279564369','','','',0,'ZZSGTI',0,NULL,''),(183,'Adam Reynalds','259453519','14279559','0000-00-00','jbhlaaj@hotmail.com','123611653077','','','',0,'HCM6KG',0,NULL,''),(184,'Terrie Burton','243326845','12431060','0000-00-00','klfiffk@mail.com','100084510823','','','',0,'53RFZ1',0,NULL,''),(185,'Anthony Foreman','272976862','15979387','0000-00-00','jikkdai@aol.com','45243894636','','','',0,'0EXR5A',0,NULL,''),(186,'Angela Howell','269670425','19635661','0000-00-00','fgdjaff@aol.com','317547799626','','','',0,'EFQM0J',0,NULL,''),(187,'Sharon Hernandez','278559727','15054989','0000-00-00','fhihjbc@yahoo.com','200394162291','','','',0,'7RQ2QG',0,NULL,''),(188,'Steven Pressley','261994166','15179380','0000-00-00','aadaaed@mail.kz','276709957216','','','',0,'BKIQ7O',0,NULL,''),(189,'Tommy Sugarman','270501366','16323298','0000-00-00','jfkijkl@yahoo.com','299200263330','','','',0,'DSFYFS',0,NULL,''),(190,'Joseph Brown','222128902','19842963','0000-00-00','jjielci@mail.com','236484700789','','','',0,'5MJFKK',0,NULL,''),(191,'Susan Jimenez','275885298','19762238','0000-00-00','ekidjif@mail.kz','349404282297','','','',0,'58UFTY',0,NULL,''),(192,'Grace Barron','234228511','19534078','0000-00-00','kfbhkgj@gmail.com','307940261273','','','',0,'SOJBGJ',0,NULL,''),(193,'Harold Rojo','237274799','14721685','0000-00-00','diabecb@mail.kz','335243250122','','','',0,'EW3IRR',0,NULL,''),(194,'William Gerwitz','224420488','18705915','0000-00-00','ecijhid@mail.kz','181671567530','','','',0,'IOA46S',0,NULL,''),(195,'Eva Lee','240691618','13378598','0000-00-00','fjdlkef@yahoo.com','198348295077','','','',0,'XBYBAK',0,NULL,''),(196,'Phyllis Tobin','251769910','12978185','0000-00-00','ejhldbh@hotmail.com','58251812312','','','',0,'HQ93P7',0,NULL,''),(197,'Joseph Jenkins','267872978','12770337','0000-00-00','dlcdccf@yahoo.com','72423307703','','','',0,'Z1WS8L',0,NULL,''),(198,'Ron Neang','273309392','18418516','0000-00-00','fiaihaf@mail.kz','211170756798','','','',0,'BXMXF4',0,NULL,''),(199,'Michael Gutierrez','242138685','13321005','0000-00-00','chfjalg@hotmail.com','77571946939','','','',0,'Z6KQ2I',0,NULL,''),(200,'Ada Reese','278455651','13111321','0000-00-00','fglcleg@yahoo.com','263136086072','','','',0,'Y2XD8U',0,NULL,''),(204,'andre_garcia','245923042',NULL,NULL,'andrefgarcia@live.com.pt',NULL,NULL,NULL,NULL,0,'10a34637ad661d98ba3344717656fcc76209c2f8',0,NULL,NULL),(207,'Tiago_Jesus','245923042',NULL,NULL,'tiago@tiago',NULL,NULL,NULL,NULL,0,'10a34637ad661d98ba3344717656fcc76209c2f8',0,NULL,NULL),(208,'Tiago Baptista_Ca','245923042',NULL,NULL,'t@t',NULL,NULL,NULL,NULL,0,'10a34637ad661d98ba3344717656fcc76209c2f8',0,NULL,NULL),(209,'teste_2','245923042',NULL,NULL,'teste@as',NULL,NULL,NULL,NULL,0,'10a34637ad661d98ba3344717656fcc76209c2f8',0,NULL,NULL),(210,'Tete_final','245923042',NULL,NULL,'tete@tete',NULL,NULL,NULL,NULL,0,'eb94b7405efbe9be8f833c91e4d22dfa775ae207',0,NULL,NULL),(211,'agora_dava','245923042',NULL,NULL,'a@dava',NULL,NULL,NULL,NULL,0,'63982e54a7aeb0d89910475ba6dbd3ca6dd4e5a1',0,NULL,NULL),(212,'André Garcia','245923042','12345','2019-01-02','as@as','',NULL,NULL,NULL,0,'81dc9bdb52d04dc20036dbd8313ed055',0,NULL,NULL),(213,'André Garcia','245923042','','2019-01-01','sdi@sdi.com','935120942',NULL,NULL,NULL,0,'81dc9bdb52d04dc20036dbd8313ed055',0,NULL,NULL);
/*!40000 ALTER TABLE `utilizador` ENABLE KEYS */;
UNLOCK TABLES;
/*!40103 SET TIME_ZONE=@OLD_TIME_ZONE */;

/*!40101 SET SQL_MODE=@OLD_SQL_MODE */;
/*!40014 SET FOREIGN_KEY_CHECKS=@OLD_FOREIGN_KEY_CHECKS */;
/*!40014 SET UNIQUE_CHECKS=@OLD_UNIQUE_CHECKS */;
/*!40101 SET CHARACTER_SET_CLIENT=@OLD_CHARACTER_SET_CLIENT */;
/*!40101 SET CHARACTER_SET_RESULTS=@OLD_CHARACTER_SET_RESULTS */;
/*!40101 SET COLLATION_CONNECTION=@OLD_COLLATION_CONNECTION */;
/*!40111 SET SQL_NOTES=@OLD_SQL_NOTES */;

-- Dump completed on 2019-01-31 16:14:23
